-- Creating 10 users
INSERT INTO user (id, name, email) VALUES  (1, 'User1', 'user1@example.com');
INSERT INTO user (id, name, email) VALUES  (2, 'User2', 'user2@example.com');
INSERT INTO user (id, name, email) VALUES  (3, 'User3', 'user3@example.com');
INSERT INTO user (id, name, email) VALUES  (4, 'User4', 'user4@example.com');
INSERT INTO user (id, name, email) VALUES  (5, 'User5', 'user5@example.com');
INSERT INTO user (id, name, email) VALUES  (6, 'User6', 'user6@example.com');
INSERT INTO user (id, name, email) VALUES  (7, 'User7', 'user7@example.com');
INSERT INTO user (id, name, email) VALUES  (8, 'User8', 'user8@example.com');
INSERT INTO user (id, name, email) VALUES  (9, 'User9', 'user9@example.com');
INSERT INTO user (id, name, email) VALUES  (10, 'User10', 'user10@example.com');

-- Creating 40 products
INSERT INTO product (id, name, price) VALUES (1, 'Product1', 10.99);
INSERT INTO product (id, name, price) VALUES (2, 'Product2', 20.99);
INSERT INTO product (id, name, price) VALUES (3, 'Product3', 15.99);
INSERT INTO product (id, name, price) VALUES (4, 'Product4', 25.99);
INSERT INTO product (id, name, price) VALUES (5, 'Product5', 30.99);
INSERT INTO product (id, name, price) VALUES (6, 'Product6', 12.99);
INSERT INTO product (id, name, price) VALUES (7, 'Product7', 18.99);
INSERT INTO product (id, name, price) VALUES (8, 'Product8', 22.99);
INSERT INTO product (id, name, price) VALUES (9, 'Product9', 8.99);
INSERT INTO product (id, name, price) VALUES (10, 'Product10', 16.99);
INSERT INTO product (id, name, price) VALUES (11, 'Product11', 14.99);
INSERT INTO product (id, name, price) VALUES (12, 'Product12', 28.99);
INSERT INTO product (id, name, price) VALUES (13, 'Product13', 9.99);
INSERT INTO product (id, name, price) VALUES (14, 'Product14', 19.99);
INSERT INTO product (id, name, price) VALUES (15, 'Product15', 32.99);
INSERT INTO product (id, name, price) VALUES (16, 'Product16', 11.99);
INSERT INTO product (id, name, price) VALUES (17, 'Product17', 24.99);
INSERT INTO product (id, name, price) VALUES (18, 'Product18', 21.99);
INSERT INTO product (id, name, price) VALUES (19, 'Product19', 7.99);
INSERT INTO product (id, name, price) VALUES (20, 'Product20', 17.99);
INSERT INTO product (id, name, price) VALUES (21, 'Product21', 13.99);
INSERT INTO product (id, name, price) VALUES (22, 'Product22', 29.99);
INSERT INTO product (id, name, price) VALUES (23, 'Product23', 8.49);
INSERT INTO product (id, name, price) VALUES (24, 'Product24', 20.49);
INSERT INTO product (id, name, price) VALUES (25, 'Product25', 35.49);
INSERT INTO product (id, name, price) VALUES (26, 'Product26', 13.49);
INSERT INTO product (id, name, price) VALUES (27, 'Product27', 28.49);
INSERT INTO product (id, name, price) VALUES (28, 'Product28', 24.49);
INSERT INTO product (id, name, price) VALUES (29, 'Product29', 9.49);
INSERT INTO product (id, name, price) VALUES (30, 'Product30', 18.49);
INSERT INTO product (id, name, price) VALUES (31, 'Product31', 14.49);
INSERT INTO product (id, name, price) VALUES (32, 'Product32', 30.49);
INSERT INTO product (id, name, price) VALUES (33, 'Product33', 11.49);
INSERT INTO product (id, name, price) VALUES (34, 'Product34', 25.49);
INSERT INTO product (id, name, price) VALUES (35, 'Product35', 22.49);
INSERT INTO product (id, name, price) VALUES (36, 'Product36', 8.99);
INSERT INTO product (id, name, price) VALUES (37, 'Product37', 19.99);
INSERT INTO product (id, name, price) VALUES (38, 'Product38', 33.99);
INSERT INTO product (id, name, price) VALUES (39, 'Product39', 10.99);
INSERT INTO product (id, name, price) VALUES (40, 'Product40', 17.99);

-- Creating 50 reviews for each product
-- Assuming the users and products IDs are sequential from 1 to 10 and 1 to 40 respectively
INSERT INTO review (rating, id, product_id, user_id, comment) VALUES (4 1,  3d,  6,  1, 'test comment');
INSERT INTO review (rating, id, product_id, user_id, comment) VALUES (4,  2,  1,  10, ' This is a review for Product1 by User10');
INSERT INTO review (rating, id, product_id, user_id, comment) VALUES (3,  3,  1,  9, ' This is a review for Product1 by User9');
INSERT INTO review (rating, id, product_id, user_id, comment) VALUES (4,  4,  1,  8, ' This is a review for Product1 by User8');
INSERT INTO review (rating, id, product_id, user_id, comment) VALUES (5,  5,  1,  7, ' This is a review for Product1 by User7');
INSERT INTO review (rating, id, product_id, user_id, comment) VALUES (2,  6,  1,  6, ' This is a review for Product1 by User6');
INSERT INTO review (rating, id, product_id, user_id, comment) VALUES (5,  7,  1,  5, ' This is a review for Product1 by User5');
INSERT INTO review (rating, id, product_id, user_id, comment) VALUES (4,  8,  1,  4, ' This is a review for Product1 by User4');
INSERT INTO review (rating, id, product_id, user_id, comment) VALUES (3,  9,  1,  3, ' This is a review for Product1 by User3');
INSERT INTO review (rating, id, product_id, user_id, comment) VALUES (2,  10,  1,  2, ' This is a review for Product1 by User2');
INSERT INTO review (rating, id, product_id, user_id, comment) VALUES (2,  11,  1,  1, ' This is a review for Product1 by User1');
INSERT INTO review (rating, id, product_id, user_id, comment) VALUES (4,  12,  2,  10, ' This is a review for Product2 by User10');
INSERT INTO review (rating, id, product_id, user_id, comment) VALUES (3,  13,  2,  9, ' This is a review for Product2 by User9');
INSERT INTO review (rating, id, product_id, user_id, comment) VALUES (2,  14,  2,  8, ' This is a review for Product2 by User8');
INSERT INTO review (rating, id, product_id, user_id, comment) VALUES (2,  15,  2,  7, ' This is a review for Product2 by User7');
INSERT INTO review (rating, id, product_id, user_id, comment) VALUES (4,  16,  2,  6, ' This is a review for Product2 by User6');
INSERT INTO review (rating, id, product_id, user_id, comment) VALUES (4,  17,  2,  5, ' This is a review for Product2 by User5');
INSERT INTO review (rating, id, product_id, user_id, comment) VALUES (5,  18,  2,  4, ' This is a review for Product2 by User4');
INSERT INTO review (rating, id, product_id, user_id, comment) VALUES (2,  19,  2,  3, ' This is a review for Product2 by User3');
INSERT INTO review (rating, id, product_id, user_id, comment) VALUES (2,  20,  2,  2, ' This is a review for Product2 by User2');
INSERT INTO review (rating, id, product_id, user_id, comment) VALUES (3,  21,  2,  1, ' This is a review for Product2 by User1');
INSERT INTO review (rating, id, product_id, user_id, comment) VALUES (1,  22,  3,  10, ' This is a review for Product3 by User10');
INSERT INTO review (rating, id, product_id, user_id, comment) VALUES (3,  23,  3,  9, ' This is a review for Product3 by User9');
INSERT INTO review (rating, id, product_id, user_id, comment) VALUES (2,  24,  3,  8, ' This is a review for Product3 by User8');
INSERT INTO review (rating, id, product_id, user_id, comment) VALUES (1,  25,  3,  7, ' This is a review for Product3 by User7');
INSERT INTO review (rating, id, product_id, user_id, comment) VALUES (3,  26,  3,  6, ' This is a review for Product3 by User6');
INSERT INTO review (rating, id, product_id, user_id, comment) VALUES (2,  27,  3,  5, ' This is a review for Product3 by User5');
INSERT INTO review (rating, id, product_id, user_id, comment) VALUES (3,  28,  3,  4, ' This is a review for Product3 by User4');
INSERT INTO review (rating, id, product_id, user_id, comment) VALUES (2,  29,  3,  3, ' This is a review for Product3 by User3');
INSERT INTO review (rating, id, product_id, user_id, comment) VALUES (4,  30,  3,  2, ' This is a review for Product3 by User2');
INSERT INTO review (rating, id, product_id, user_id, comment) VALUES (3,  31,  3,  1, ' This is a review for Product3 by User1');
INSERT INTO review (rating, id, product_id, user_id, comment) VALUES (3,  32,  4,  10, ' This is a review for Product4 by User10');
